Label,# Samples,Average,Median,90% Line,95% Line,99% Line,Min,Max,Error %,Throughput,Received KB/sec,Sent KB/sec,Users
HTTP Request - POST,19610195,0,0,1,1,6,0,3231,0.000%,5447.54271,723.5,978.86,10
HTTP Request - GET,19610190,0,0,1,1,3,0,3722,0.000%,5447.88335,723.55,670.35,10
TOTAL,39220385,0,0,1,1,5,0,3722,0.000%,10895.08404,1447,1649.16,10
