Label,# Samples,Average,Min,Max,Std. Dev.,Error %,Throughput,Received KB/sec,Sent KB/sec,Avg. Bytes
HTTP Request - POST,18933253,0,0,502,10.20,0.000%,5259.23402,693.36,893.66,135.0
HTTP Request - GET,18933246,0,0,605,15.19,0.000%,5259.47460,667.71,642.03,130.0
TOTAL,37866499,0,0,605,12.94,0.000%,10518.46318,1361.03,1535.65,132.5
